MissingRate,MCAR_RMSE,MAR_RMSE,MNAR_RMSE
0,32.050251224772346,35.255276347249584,40.062814030965434
10,45.23288380212425,49.75617218233668,56.541104752655315
20,60.60481417519036,66.6652955927094,75.75601771898795
30,70.64900763757822,77.71390840133606,88.31125954697278
40,77.925505939425,85.7180565333675,97.40688242428124
