Model,RMSE,ECE,NLL,Corr
RF Ensemble,2.4178768362363274,0.05,0.7,0.5216104478536806
