Scenario,RMSE,MAE,RobustnessScore
Clean,18,9,1.0
Missing,24,12,0.75
Noise,22,11,0.8181818181818182
Shift,27,14,0.6666666666666666
Missing+Noise,31,16,0.5806451612903226
Missing+Shift,35,18,0.5142857142857142
Noise+Shift,34,18,0.5294117647058824
All,42,22,0.42857142857142855
