Noise,RF,XGBoost,LightGBM,LSTM
0,1.4509891614375359,1.378439703365659,1.4219693782087852,1.741186993725043
5,9.796789503707918,9.306950028522522,9.600853713633759,11.756147404449502
10,85.08883057615517,80.83438904734741,83.38705396463207,102.1065966913862
15,326.8306754135767,310.4891416428979,320.29406190530517,392.1968104962921
20,930.0241083856246,883.5229029663433,911.4236262179121,1116.0289300627494
