Model,RMSE,MAE,R2
Random Forest,65.24412166798814,45.745476996276594,0.5211050826038945
